Period,S.E.,UNEMPLOYMENT,GDP_GROWTH,INFLATION,FDI
1,1.160177,100.00,0.00,0.00,0.00
2,1.973578,92.39,1.03,6.43,0.15
3,2.480157,82.93,0.85,16.01,0.21
4,2.775637,78.51,1.74,19.57,0.17
5,2.95641,76.90,2.47,20.45,0.18
6,3.082907,74.98,3.25,21.41,0.35
7,3.174765,72.94,4.02,22.32,0.71
8,3.236045,71.57,4.60,22.84,0.99
9,3.278389,70.55,5.04,23.17,1.24
10,3.311551,69.58,5.40,23.39,1.63
