Lag,AIC,SC,HQ
0,23.99048,24.21636,24.08217
1,21.27422,21.80129,21.48817
2,20.86073,21.68898*,21.19694
3,20.69976,21.82919,21.15823*
4,20.76087,22.19149,21.34161
5,20.69231,22.42411,21.39531
6,20.55633*,22.58931,21.38158
